"CODE";"en";"de";"it";"es";"fr";"cz";"pt_BR";"nl";"tr"
0;"English";"German";"Italian";"Spanish";"French";"Czech";"Portuguese (Brazil)";"Dutch";"Türkçe"
1;"Heading";"Kurs";"Prua";"Rumbo";"Course";"Kurz";;"Koers";"Başlık"
2;"Bearing";"Peilung";"Rilevamento";"Orientación";"Relèvement";;;"Positie";"Kerteriz"
3;"Range";"Entfernung";"Distanza";"Alcance";"Distance";"Vzdálenost";;"Afstand";"Menzil"
4;"Speed";"Fahrt";"Velocità";"Velocidad";"Vitesse";"Rychlost";;"Snelheid";"Hız"
5;"Depth";"Tiefe";"Profondità";"Profundidad";"Profondeur";"Hloubka";;"Diepte";"Derinlik"
6;"Target";"Ziel";"Bersaglio";"Objetivo";"Cible";"Cíl";;"Doel";"Hedef"
7;;;;;;;;;
8;"Warship engagement";"Angriff auf ein Kriegsschiff";"Attacco a navi da guerra";"Ataque a barcos de guerra";"Attaquer un navire de guerre";"Útok na válečnou loď";"Batalha de navios";"Oorlogsschip aanval";"Savaş Gemisiyle Çarpışma"
9;"Convoy battle";"Geleitzugschlacht";"Attacco a convoglio";"Ataque a convoy";"Attaquer un convoi";"Útok na konvoj";"Ataque a comboio";"Konvooi gevecht";"Konvoy Savaşı"
10;"Historical mission";"Historische Mission";"Missione storica";"Misión histórica";"Missions historiques";"Historická mise";"Missao historica";"Historische missie";"Tarihi Görev"
11;"Return to main menu";"Zurück zum Hauptmenü";"Ritorna al menu principale";"Volver al menú principal";"Retour au menu principal";"Návrat do hlavního menu";"Voltar ao menu principal";"Terug naar het hoofdmenu";"Ana Menüye Dön"
12;"Target bearing";"Peilung zum Ziel";"Rilevamento del bersaglio";"Orientación del objetivo";"Cap de la cible";"Směr útoku";;"Positie doel";"Hedef Kerterizi"
13;"Target range";"Entfernung zum Ziel";"Distanza dal bersaglio";"Alcance del objetivo";"Distance de la cible";"Vzdálnost cíle";;"Afstand doel";"Hedef Menzili"
14;"Target speed";"Fahrt des Zieles";"Velocità del bersaglio";"Velocidad del objetivo";"Vitesse de la cible";"Rychlost cíle";;"Snelheid doel";"Hedef Hızı"
15;"Target course";"Kurs des Zieles";"Rotta del bersaglio";"Ruta del objetivo";"Course de la cible";"Kurz cíle";;"Koers doel";"Hedef Rotası"
16;"Submarine type";"U-Bootstyp wählen: ";"Scegli il sommergibile";"Seleccionar tipo de submarino";"Type de sous-marin";"Typ ponorky";;"Onderzeeër type";"Denizaltı Tipi"
17;"type VIIc";"Typ VIIc";"tipo VIIc";"tipo VIIc";"type VIIc";"typ VIIc";;"type VIIc";"VIIc Tipi"
18;"type XXI";"Typ XXI";"tipo XXI";"tipo XXI";"type XXI";"typ XXI";;"type XXI";"XXI Tipi"
19;"Start mission";"Mission starten";"Inizia la missione";"Comenzar misión";"Commencer la mission";"Start mise";;"Start missie";"Görevi Başlat"
20;"Return to previous menu";"Zurück zum vorherigen Menü";"Ritorna al menu precedente";"Volver al menú anterior";"Retourn au menu précédent";"Návrat do předchozího menu";"Voltar";"Terug naar het vorige menu";"Önceki Menüye Dön"
21;"Play single mission";"Einzelne Mission spielen";"Effettua una singola missione";"Realizar misión individual";"Jouer une mission seul";"Hra pro jednoho hráče";"Missao rapida";"Speel enkele missie";"Tek Oyunculu Görev"
22;"Multiplayer menu";"Mehrspieler-Menü";"Menu per piú giocatori";"Menú multijugador";"Menu multijoueurs";"Multiplayer menu";;"Multiplayer menu";"Çok Oyunculu Görev"
23;"Career menu";"Karriere-Menü";"Menu della carriera";"Menú de carrera";"Menu de carrière";"Kariérní menu";;"Cariere menu";"Kariyer Menüsü"
24;"Show vessels";"Fahrzeuge ansehen";"Mostra i battelli";"Mostrar embarcaciones";"Voir les navires";"Ukázat plavidla";"Mostrar navios";"Toon voertuigen";"Gemileri Göster"
25;"Hall of Fame";"Ruhmeshalle";"Il Tempio della fama";"Salón de la Fama";"Tableau d'honneur";"Hala slávy";"Ranking";"Lijst met beroemdheden";"Şöhretler Salonu"
26;"Select language";"Sprache auswählen";"Scegli la lingua";"Seleccionar idioma";"Sélectionner la langue";"Výběr jazyka";"Selecionar linguagem";"Kies taal";"Dil Seçimi"
27;"We're dived, sir.";"Wir sind unter Wasser";"We're dived, sir.";"Estamos sumergidos, Señor.";"Nous sommes en plongée, Commandant";"Ponořujeme se, pane.";;"We zijn gedoken, meneer";"Daldık, Efendim."
28;"Periscope is down";"Periskop ist eingefahren";"Periscope is down";"Periscopio bajado, Señor.";"Périscope rentré";"Periskop je dole.";;"periscoop is ingehaald";"Periskop aşağı"
29;"Options";"Optionen";"Opzioni";"Opciones";"Options";"Nastavení";"Opcoes";"Opties";"Ayarlar"
30;"Quit";"Ende";"Esci";"Salir";"Quitter";"Konec";"Sair";"Einde";"Çıkış"
31;"Time scale up";"Zeit schneller";"Aumenta la scala del tempo";"Aumentar escala de tiempo";"Augmenter la compression du temps";"Zrychlit plynutí času";;"Tijdschaal omhoog";"Zamanı Arttır"
32;"Time scale down";"Zeit langsamer";"Riduci la scala del tempo";"Disminuir escala de tiempo";"Diminuer la compression du temps";"Zpomalit plynutí času";;"Tijdschaal omlaag";"Zamanı Düşür"
33;"Rudder left";"Ruder backbord";"Timone a sinistra";"Timón izquierda";"Barre à gauche";"Kormidlo vlevo";;"Roer links";"Dümen Sola"
34;"Rudder right";"Ruder steuerbord";"Timone a dritta";"Timón derecha";"Barre à droite";"Kormilo vpravo";;"Roer rechts";"Dümen Sağa"
35;"Rudder hard left";"Ruder hart backbord";"Timone tutto a sinistra";"Timón todo izquierda";"Barre à gauche toute";"Kormilo ostře doleva";;"Roer sterk links";"Dümen Hızla Sola"
36;"Rudder hard right";"Ruder hart steuerbord";"Timone tutto a dritta";"Timón todo derecha";"Barre à droite toute";"Kormidlo ostře doprava";;"Roer sterk rechts";"Dümen Hızla Sağa"
37;"Planes up";"Tiefenruder oben";"Timoni di profondità su";"Timón de profundidad arriba";"Barres de profondeur montées";"Hloubkové kormidlo nahoru";;"Diepteroer omhoog";"Kanatlar Yukarı"
38;"Planes down";"Tiefenruder runter";"Timoni di profondità giú";"Timón de profundidad abajo";"Barres de profondeur descendues";"Hloubkové kormidlo dolu";;"Diepteroer omlaag";"Kanatlar Aşağı"
39;"Go to surface";"Auftauchen";"Emersione";"Ir a la superficie";"Aller à la surface";"Vynořit se";;"Ga naar het wateroppervlak";"Yüzeye Gidiş"
40;"Go to periscope depth";"Periskoptiefe ansteuern";"Quota periscopio";"Profundidad de periscopio";"Aller à profondeur périscopique";"Na periskopovou hloubku";;"Ga naar periscoop diepte";"Periskop Derinliğine Gidiş"
41;"Crash dive!";"Alarmtauchen!";"Immersione rapida!";"¡Inmersión de emergencia!";"Immersion d'urgence";"Poplachové ponoření!";;"Alarm duik!";"Pike Yap!"
42;"Rudder midships";"Ruder mittschiffs";"Timone al centro";"Timón al centro";"Barre au centre";"Kormidlo na střed";;"Roer midscheeps";"Gemi Orta Dümeni"
43;"Engine ahead slow";"Maschine langsame Fahrt";"Macchine avanti piano";"Máquina avance lento";"Machines en avant lente";"Motor pomalu vpřed";;"Motor langzaam vooruit";"Motoru Yavaşlat"
44;"Engine ahead half";"Maschine halbe Fahrt";"Macchine avanti mezza";"Máquina avance medio";"Machines en avant moyenne";"Motor na poloviční výkon vpřed";;"Motor half open vooruit";"Yarım Motor İleri"
45;"Engine ahead full";"Maschine große Fahrt";"Macchine avanti tutta";"Máquina avance toda";"Machines en avant rapide";"Motor na plný výkon vpřed";;"Motor vooruit vol open";"Tam Güç İleri"
46;"Engine ahead flank";"Maschine äußerste Kraft";"Macchine avanti al massimo";"Máquina avance máximo";"Machines en avant toute";"Motor maximální výkon vpřed";;"Motor vooruit uiterste kracht";"Motora Yandan Taarruz"
47;"Engine stop";"Maschine stop";"Macchine ferme";"Máquina parada";"Machines arrêtées";"Zastavit motor";;"Stop motor";"Motoru Durdur"
48;"Engine reverse";"Maschine langsame Fahrt zurück";"Macchine indietro";"Máquina retroceso";"Machines en arrière";"Motor zpětný chod";;"Motor achteruit";"Motoru Tersine Çevir"
49;"Torpedo fired!";"Torpedo abgefeuert!";"Siluro lanciato!";"¡Torpedo disparado!";"Torpille tirée !";"Torpédo vypáleno!";;"Torpedo afgevuurd";"Torpidoyu Ateşle!"
50;"New target selected";"Neues Ziel ausgewählt";"Nuovo bersaglio selezionato";"Nuevo objetivo seleccionado";"Nouvelle cible sélectionnée";"Nový cíl vybrán";;"Nieuw doel geselecteerd";"Yeni hedef seçildi"
51;"No target in direction!";"Kein Ziel in dieser Richtung!";"Nessun bersaglio in questa direzione!";"¡Ningún objetivo en esta dirección!";"Pas de cible dans cette direction";"Žádný cíl v našem směru!";;"Geen doel in deze richting";"İstikamette hedef yok!"
52;"Game PAUSED.";"Spiel PAUSE.";"Gioco sospeso.";"Juego PAUSADO.";"Jeu en PAUSE.";"Hra pozastavena.";;"Spel GEPAUSEERD";"Oyun DURDURULDU"
53;"Game continued.";"Spiel fortgesetzt.";"Il gioco continua.";"Juego continuado.";"Le jeu reprend.";"Pokračovat ve hře.";;"Spel hervat";"Oyun devamı"
54;"Scope down";"Periskop eingefahren";"Giú il periscopio ";"Abajo el periscopio";"Descendre le périscope";"Periskop dolů";;"Periscoop omlaag";"Dürbün aşağı"
55;"Scope up";"Periskop ausgefahren";"Su il periscopio";"Arriba el periscopio";"Monter le périscope";"Periskop nahoru";;"Periscoop omhoog";"Dürbün yukarı"
56;;;;;;;;;
57;"Remote server IP adress:";"Verfügbarer Server IP-Adresse:";"Indirizzo IP del server remoto:";"Dirección IP del servidor remoto:";"Adresse IP du serveur distant :";"IP adresa vzdáleného serveru:";;"Externe server IP adres:";"Uzak sunucu IP adresi:"
58;"Remote server port number:";"Verfügbarer Server Port-Adresse:";"Numero di porta sul server remoto:";"Puerto del servidor remoto:";"Port du serveur distant :";"Port vzdáleného serveru:";;"Externe server poort nummer:";"Uzak sunucu port adresi:"
59;"Torpedo dud - range too short";"Torpedoversager - Laufstrecke zu kurz";"Siluro inesploso - distanza troppo breve";"Torpedo inútil - distancia demasiado corta";"La torpille a fait long-feu - distance trop courte";"Torpédo selhaho - rozsah je příliž krátký";;"Torpedo gefaald - afstand te klein";"Torpido kör patlayıcısı – menzil çok kısa"
60;"Torpedo dud";"Torpedoversager!";"Siluro inesploso ";"Torpedo inútil";"La torpille a fait long-feu";"Torpédo minulo cíl";;"Torpedo mislukt";"Torpido kör patlayıcısı "
61;"Time";"Uhrzeit";"Tempo";"Tiempo";"Temps";"Čas";;"Tijd";"Zaman"
62;"Time period";"Zeitabschnitt";"Periodo di guerra";"Periodo de tiempo";"Epoque";"Perioda času";;"Tijd periode";"Zaman Periyotu"
63;"First moves (Sept. 1939 - May 1940)";"Eröffnung (Sept. 1939 - Mai 1940)";"Prime mosse (Settembre 1939 - Maggio 1940)";"Primeros movimientos (Sept. 1939 - Mayo 1940)";"Premiers mouvements (Sept. 1939 - Mai 1940)";"První plavba (září 1939 – květen 1940)";;"Eerste acties (Sept. 1939 - Mei 1940";"İlk Hareket (Eylül 1939 – Mayıs 1940)"
64;"Happy time (June 1940 - March 1941)";"Glückliche Zeit (Juni 1940 - März 1941)";"Tempi felici (Giugno 1940 - Marzo 1941)";"Tiempo feliz (Junio 1940 - Marzo 1941)";"Temps heureux (Juin 1940 - Mars 1941)";"Šťastné časy (září 1940 – březen 1941)";;"Vrolijke tijd (Juni 1940 - Maart 1941)";"Mutlu Zaman (Haziran 1940 – Mart 1941)"
65;"Stale mate (April 1941 - Dez. 1941)";"Patt (April 1941 - Dez. 1941)";"Stallo (Aprile 1941 - Dicembre 1941)";"Punto muerto (Abril 1941 - Dic. 1941)";"Temps mort (Avril 1941 - Déc. 1941)";"Pat (duben 1941 - prosinec 1941)";;"Gelijkwaardig (April 1941 - Dec. 1941)";"İkinci Kaptan (Nisan 1941 – Kasım 1941)"
66;"Drum beat (Jan. 1942 - June 1942)";"Paukenschlag (Jan. 1942 - Juni 1942)";"Rullo di tamburi (Gennaio 1942 - Giugno 1942)";"A capa y espada (Enero 1942 - Junio 1942)";"Roulement de tambours (Jan. 1942 - Juin 1942)";"Bití bubnu (leden 1942 – červen 1942)";;"Tromslag (Jan. 1942 - Juni 1942)";"Davula Vuruş (Ocak 1942 – Haziran 1942)"
67;"The turn of fate (July 1942 - Dez. 1942)";"Schicksalswende (Juli 1942 - Dez. 1942)";"La svolta del destino (Luglio 1942 - Dicembre 1942)";"El giro del destino (Julio 1942 - Dic. 1942)";"Le vent tourne (Juin 1942 - Déc. 1942)";"Osudový tah (červenec 1942 - prosinec 1942)";;"Omkering van het lot (Juli 1942 - Dec. 1942)";"Kadere Dönüş (Temmuz 1942 – Aralık 1942)"
68;"The last chance (Jan. 1943 - May 1943)";"Die letzte Chance (Jan. 1943 - Mai 1943)";"L'ultima possibilità (Gennaio 1943 - Maggio 1943)";"La última oportunidad (Enero 1943 - Mayo 1943)";"La dernière chance (Jan. 1943 - Mai 1943)";"Poslední šance (leden 1943 – květen 1943)";;"De laatste kans (Jan. 1943 - Mei 1943)";"Son Şans (Ocak 1943 – Mayıs 1943)"
69;"Defeat (June 1943 - June 1944)";"Niederlage (Juni 1943 - Juni 1944)";"Sconfitta (Giugno 1943 - Giugno 1944)";"Derrota (Junio 1943 - Junio 1944)";"Défaite (Juin 1943 - Juin 1944)";"Porážka (červen 1943 – červen 1944)";;"Verslagen (Juni 1943 - Juni 1944)";"Yenilgi (Haziran 1943 – Haziran 1944)"
70;"The end (July 1944 - May 1945)";"Das Ende (Juli 1944 - Mai 1945)";"La fine (Luglio 1944 - Maggio 1945)";"El final (Julio 1944 - Mayo 1945)";"La fin (Juin 1944 - Mai 1945)";"Konec (červenec 1944 – květen 1945)";;"Het einde (Juli 1944 - Mei 1945)";"Ve Son (Temmuz 1944 – Mayıs 1945)"
71;;;;;;;;;
72;;;;;;;;;
73;;;;;;;;;
74;;;;;;;;;
75;;;;;;;;;
76;;;;;;;;;
77;;;;;;;;;
78;;;;;;;;;
79;"Identified target as: ";"Ziel identifiziert als: ";"Identificazione bersaglio: ";"Identificar objetivo como:";"Cible identifiée comme :";"Cíl identifikován jako:";;"Doel geïdentificeerd als: ";"Tanımlanmış hedef:"
80;"No target selected";"Kein Ziel ausgewählt";"Nessun bersaglio selezionato";"Ningún objetivo seleccionado";"Pas de cible sélectionnée";"Žádný cíl nebyl vybrán";;"Geen doel geselecteerd";"Hedef seçilmedi"
81;;;;;;;;;
82;;;;;;;;;
83;"Ship was sunk!";"Schiff versenkt!";"La nave è stata affondata!";"¡Barco hundido!";"Navire coulé !";"Loď byla potopena!";;"Schip gezonken!";"Gemi battı!"
84;"Convoy size";"Geleitgröße wählen: ";"Scegli la grandezza del convoglio";"Seleccionar tamaño del convoy";"Taille du convoi :";"Velikost konvoje";;"Konvooi grote";"Konvoy boyutu"
85;"small";"klein";"piccolo";"pequeño";"petit";"malý";;"klein";"küçük"
86;"medium";"mittel";"medio";"mediano";"moyen";"střední";;"medium";"orta"
87;"large";"groß";"grande";"grande";"grand";"velký";;"groot";"büyük"
88;"Escort size";"Geleiteskorte wählen: ";"Scegli la scorta per il convoglio";"Seleccionar escolta del convoy";"Taille de l'escorte";"Velikost eskortního konvoje";;"Escorte grote";"Eskort boyutu"
89;"none";"keine";"nessuna";"ninguna";"aucun";"žádný";;"geen";"yok"
90;"Time of day";"Tageszeit wählen: ";"Scegli il periodo della giornata";"Seleccionar hora del día";"Heure de la journée";"Čas dne";;"Tijd van de dag";"Günün saati"
91;"night";"nachts";"notte";"noche";"nuit";"noc";;"nacht";"gece"
92;"morning";"morgens";"mattina";"mañana";"matin";"ráno";;"ochtend";"sabah"
93;"midday";"mittags";"mezzogiorno";"mediodía";"midi";"poledne";;"middag";"öğle vakti"
94;"evening";"abends";"sera";"tarde";"Après-midi";"večer";;"avond";"akşam"
95;"Snorkel up";"Schnorchel ausgefahren";"Snorkel su";"Snorkel arriba";"Tube d'air sorti";"Šnorchl nahoru";;"Snorkel omhoog";"Şnorkel yukarı"
96;"Snorkel down";"Schnorchel eingefahren";"Snorkel giú";"Snorkel abajo";"Tube d'air rentré";"Šnorchl dolů";;"Snorkel omlaag";"Şnorkel aşağı"
97;"Go to snorkel depth";"Schnorcheltiefe ansteuern";"Quota snorkel";"Ir a profundidad de snorkel";"Aller à profondeur pour tube d'air";"Jít na šnorchlovou hloubku";;"Ga naar snorkel diepte";"Şnorkel derinliğine git"
98;"Time x";"Zeit x";"Tempo x";"Tiempo x";"<Temps x>";;;"Tijd x";"Zaman x"
99;"Tons";"Tonnen";"Tonnellate";"Toneladas";"Tonnes";"Tun";;"Tonnen";"Ton"
100;;;;;;;;;
101;"Diesel";"Diesel";"Diesel";"Diesel";"Diesel";"Naftový";;"Diesel";"Dizel"
102;"Batteries";"Batterien";"Batterie";"Baterias";"Batteries";"Baterie";;"Batterij";"Bataryalar"
103;"You have been sunk!";"Sie wurden versenkt!";"Sei stato affondato!";"¡Te han hundido!";"Vous avez été coulé !";"Byl jsi potopen!";;"Je bent gezonden";"Battın!"
104;"Main menu";"Hauptmenü";"Menu principale";"Menú principal";"Menu principal";"Hlavní menu";"Menu principal";"Hoofd menu";"Ana Menü"
105;"continue";"weiter";"continua";"continuar";"continuer";"pokračovat";"continuar";"Doorgaan";"devam"
106;"Change screen resolution";"Bildschirmauflösung ändern";"Cambia la risoluzione dello schermo";"Cambiar la resolución de pantalla";"Changer la résolution d'écran";"Změnit rozlišení obrazovky";;"Verander scherm resolutie";"Ekran Çözünürlüğünü Değiş"
107;"Miscellaneous";"Verschiedenes";"Miscellaneous";"Miscellaneous";"Divers";"Miscellaneous";"Miscellaneous";"Miscellaneous";"Miscellaneous"
108;"Use GLSL shaders";"Benutze GLSL Shader";"Use GLSL shaders";"Use GLSL shaders";"Utiliser les GLSL shaders";"Use GLSL shaders";"Use GLSL shaders";"Use GLSL shaders";"Use GLSL shaders"
109;"Use shaders for water rendering";"Benutze Shader für Wasser-Darstellung";"Use shaders for water rendering";"Use shaders for water rendering";"Utiliser les shaders pour le rendu de l'océan";"Use shaders for water rendering";"Use shaders for water rendering";"Use shaders for water rendering";"Use shaders for water rendering"
110;"not implemented yet, sorry";"Leider noch nicht implementiert";"not implemented yet, sorry";"Lo siento, no implementado aún";"Pas encore implémenté, désolé";"Promiňte, zatím nebylo implementováno";;"Nog niet geïmplementeerd";"henüz yerine getirilmedi, üzgünüm"
111;"Use high quality effects";"Benutze extra Shader-Effekte";"Use high quality effects";"Use high quality effects";"Utiliser les effets haute définition";"Use high quality effects";"Use high quality effects";"Use high quality effects";"Use high quality effects"
112;"Terrain detail";"Terrain detail";"Terrain detail";"Terrain detail";"Terrain detail";"Terrain detail";"Terrain detail";"Terrain detail";"Terrain detail"
113;;;;;;;;;
114;;;;;;;;;
115;"next vessel";"nächstes Fahrzeug";"vascello successivo";"siguiente barco";"navire suivant";"další plavidlo";"proximo";"volgend voertuig";"sonraki gemi"
116;"previous vessel";"vorheriges Fahrzeug";"vascello precedente";"anterior barco";"navire précédent";"předchozí plavidlo";"anterior";"vorig voertuig";"önceki gemi"
117;"cancel";"Abbrechen";"cancella";"cancelar";"Annuler";"storno";"voltar";"annuleer";"iptal"
118;"Load game";"Spiel laden";"Carica il gioco";"Cargar juego";"Charger une partie";"Nahrát hru";"Carregar jogo";"Laad spel";"Kayıtlı oyun"
119;"Save game";"Spiel speichern";"Salva il gioco";"Guardar juego";"Sauvegarder la partie";"Uložit hru";;"Bewaar spel";"Oyunu kaydet"
120;"Quit current game";"Dieses Spiel beenden";"Esci dal gioco corrente";"Salir del juego actual";"Quitter la partie actuelle";"Ukončit současnou hru";;"Verlaat huidig spel";"Şimdiki oyundan çık"
121;"Return to game";"Spiel fortsetzen";"Ritorna al gioco";"Volver al juego";"Retour au jeu";"Návrat do hry";;"Ga verder met spel";"Oyuna geri dön"
122;;;;;;;;;
123;;;;;;;;;
124;"Results: sunken tonnage";"Ergebnisse: versenkte Tonnage";"Risultati: tonnellaggio affondato";"Resultados: tonelaje hundido";"Résultats : tonnage coulé";"Výsledky: potopená tonáž";;"Resultaat: gezonken tonnen";"Sonuç: batık tonaj"
125;"Preparing to dive";"Bereitmachen zum Tauchen";"Prepararsi all'immersione";"Preparando para la inmersión";"Préparation à l'immersion";"Připravit se na ponor";;"Voorbereiden op duiken";"Dalmaya hazırlanıyor"
126;"Unmanning deck gun";"Deckgeschütz wird gesichert";"Il servente lascia il cannone";"Desatendiendo el cañón";"Enlever l'équipage au canon";"Odzbrojit palubní zbraň";;"Verlaat dek wapen";"Güverte silahından adam alınıyor"
127;"Deck gun is now manned and ready";"Deckgeschütz ist feuerbereit";"Il cannone di coperta è pronto";"Ahora el cañón está atendido y listo";"Canon est prêt et chargé";"Palubní zbraň má obsluhu a je připravena";;"Dek wapen is bemand en klaar";"Güverte silahında adam var ve hazır"
128;"Deck gun is now unmanned";"Deckgeschütz ist gesichert";"Il cannone di coperta adesso è senza servente";"Ahora el cañón está desatendido";"Canon libéré";"Palubní zbraň je odzbrojena";;"Dek wapen is verlaten";"Güverte silahında şimdi kimse yok"
129;"Diving";"Tauchen";"Immersione";"Sumergiendo";"Immersion";"Ponořujeme se";;"Duiken";"Dalınıyor"
130;"Deck gun reloading";"Deckgeschütz wird nachgeladen";"Il cannone sta ricaricando";"El cañón se está recargando";"Rechargement du canon";"Palubní zbraň se nabíjí";;"Dek wapen aan het herladen";"Güverte silahı yeniden dolduruluyor"
131;"Deck gun not manned";"Deckgeschütz nicht besetzt";"Il cannone di coperta è senza servente";"El cañón no está atendido";"Canon sans équipage";"Palubní zbraň není obsluhována";;"Dek wapen verlaten";"Güverte silahı adamsız"
132;"Target in blindspot";"Ziel im toten Winkel";"Bersaglio in zona cieca";"Objetivo en zona ciega";"Objectif en zone inconnue";"Cíl je ve slepém místě";;"Doel in blinde vlek";"Hedef kör noktada"
133;"Manning deck gun";"Deckgeschütz wird besetzt";"Servente al cannone";"Atendiendo el cañón";"Équiper le canon";"Připravit palubní zbraň";;"Dek wapen wordt bemand";"Güverte silahına dam atanıyor"
134;"Tube is empty";"Rohr ist leer";"Il tubo lanciasiluri è vuoto";"El tubo está vacío";"Tube vide";"Hlaveň je prázdná";;"Buis is leeg";"Tüp boş"
135;"Tube is reloading";"Rohr wird nachgeladen";"Il tubo lanciasiluri è in ricarica";"El tubo se está recargando";"Tube en rechargement";"Znovunabíjení hlavně";;"Buis wordt herladen";"Tüp yeniden doluyor"
136;"Tube is unloading";"Rohr wird entladen";"Il tubo lanciasiluri viene disarmato";"El tubo se está descargando";"Tube en déchargement";"Vyprazdňování hlavně";;"Buis wordt geleegd";"Tüp boşaltılıyor"
137;"No torpedoes remaining";"Keine Torpedos verfügbar";"Non rimangono siluri";"No quedan torpedos";"Aucune torpille restante";"Nezbylo žádné torpédo";;"Geen topedo's meer over";"Geride başka torpido kalmadı"
138;"No tubes ready to fire";"Keine Rohre feuerbereit";"Nessun tubo pronto al lancio";"Ningún tubo listo para disparar";"Aucun tube prêt à faire feu";"Žádná hlaveň není připravena k výstřelu";;"Geen buizen klaar om te vuren";"Tüpler ateşlenmeye hazır değil"
139;"Ahead listen";"Maschine kleine Fahrt";"Ahead listen";"Ahead listen";"Moteur en silencieux";"Tichý chod";;"Motor vooruit, stilstaan";"Dinlemede"
140;"Reverse half";"Maschine halbe Fahrt zurück";"Reverse half";"Reverse half";"Machine arrière à moitié";"Poloviční reverzace";;"Achteruit half open";"Yarım olarak tersine"
141;"Reverse full";"Maschine volle Fahrt zurück";"Reverse full";"Reverse full";"Machine arrière toute";"Plná reverzace";;"Achteruit vol open";"Tam olarak tersine"
142;;;;;;;;;
143;;;;;;;;;
144;;;;;;;;;
145;;;;;;;;;
146;;;;;;;;;
147;;;;;;;;;
148;;;;;;;;;
149;;;;;;;;;
150;;;;;;;;;
151;;;;;;;;;
152;;;;;;;;;
153;;;;;;;;;
154;;;;;;;;;
155;;;;;;;;;
156;;;;;;;;;
157;;;;;;;;;
158;;;;;;;;;
159;;;;;;;;;
160;"Apply";"Übernehmen";"Apply";"Apply";"Apply";"Apply";"Apply";"Apply";
161;"More info";"Mehr Info";"More info";"More info";"More info";"More info";"More info";"More info";"More info"
162;"Choose photo";"Photo wählen:";"Click on photo to change it";"Click on photo to change it";"Click on photo to change it";"Click on photo to change it";"Click on photo to change it";"Click on photo to change it";"Click on photo to change it"
163;"Flotilla location:";"Flotillenstützpunkt:";"Flotilla location:";"Flotilla location:";"Flotilla location:";"Flotilla location:";"Flotilla location:";"Flotilla location:";"Flotilla location:"
164;"Flotilla #";"#. U-Bootsflotille";"Flotilla #";"Flotilla #";"Flotilla #";"Flotilla #";"Flotilla #";"Flotilla #";"Flotilla #"
165;"Damage: ";"Schaden: ";"Danno: ";"Daño:";"Dommages :";"Poškození:";;"Schade";"Hasar:"
166;"percent";"Prozent";"percento";"porcentaje";"Pourcents";"procent";;"procent";"yüzde"
167;"Repair in progress.";"Reparatur wird ausgeführt.";"Riparazioni in corso.";"Reparación en curso";"Réparations en cours";"Opravy probíhají.";;"Bezig met repareren";"Onarım durumu"
168;"Repair will continue when we're surfaced.";"Reparatur wird fortgesetzt";" sobald wir aufgetaucht sind.";"La reparación continuará cuando estemos en la superficie";"La réparation continuera quand nous ferons surface.";"Opravy budou probíhat, když se vynoříme.";;"Het repareren gaat verder als we aan de oppervlakte liggen";"Onarım yüzeye çıktığımızda devam edecek"
169;"This damage can not be repaired at sea.";"Reparatur kann nicht auf See ausgeführt werden.";"Questo danno non può essere riparato in mare.";"Este daño no puede reparado en el mar.";"La panne ne peut pas être réparée en mer.";"Toto poškození nemůže být opraveno v moři.";;"Deze schade kan niet op zee gerepareerd worden";"Bu hasar denizde tamir edilemez"
170;"Repair time: ";"Reparaturzeit: ";"Tempo per le riparazioni: ";"Tiempo de reparación:";"Temps pour la réparation :";"Čas potřebný na opravu:";;"Repareer tijd: ";"Onarım zamanı:"
171;" minute.";" Minute.";" minute.";" minute.";" minute.";" minuta.";;"minuut";"dakika"
172;" minutes.";" Minuten.";" minutes.";" minutes.";" minutes.";" minuty.";;" minuten";"dakika"
173;"Torpedo transfer complete.";"Torpedo-Transfer abgeschlossen.";"Torpedo transfer complete.";"Torpedo transfer complete.";"Torpedo transfer complete.";"Torpedo transfer complete.";"Torpedo transfer complete.";"Torpedo transfer complete.";"Torpedo transfer complete."
174;"type IXc/40";"Typ IXc/40";"tipo IXc/40";"tipo Ixc/40";"type IXc/40";"typ IXc/40";;"type IXc/40";"IXc/40 Tipi"
175;"Choose your flotilla:";"Wählen Sie die Flotille:";"Choose your flotilla:";"Choose your flotilla:";"Choose your flotilla:";"Choose your flotilla:";"Choose your flotilla:";"Choose your flotilla:";"Choose your flotilla:"
176;"Choose your U-Boat ID:";"Wählen Sie Ihre Bootsnummer:";"Choose your U-Boat ID:";"Choose your U-Boat ID:";"Choose your U-Boat ID:";"Choose your U-Boat ID:";"Choose your U-Boat ID:";"Choose your U-Boat ID:";"Choose your U-Boat ID:"
177;"Game menu";"Spielmenü";"Menu del gioco";"Menú del juego";"Menu du jeu";"Herní menu:";;"Spel menu";"Oyun Menüsü"
178;"Savegame:";"Spielstand:";"Salva il gioco:";"Juego:";"Enregistrer la partie :";"Uložit hru:";;"Bewaard spel:";"Oyun Kayıtı"
179;"Erase game";"Spiel löschen";"Cancella il gioco";"Borrar juego";"Supprimer la partie";"Smazat hru";;"Verwijder spel";"Oyunu Sil"
180;"Savegame '";"Spielstand '";"Salva il gioco '";"Juego '";"Sauvegarder '";"Uložit hru'";;"Bewaard spel '";"Oyun Kayıtı"
181;" has been loaded.";" wurde geladen.";" è stato caricato.";" ha sido cargado.";"a été chargé.";" byla nahrána.";;" is geladen";"yüklendi."
182;"Attention!";"Achtung!";"Attenzione!";"¡Atención!";"Attention !";"Nebezpečí!";;"Let op!";"Dikkat!"
183;"Overwrite savegame {}?";"Spielstand {} überschreiben?";"Sovrascrivi il gioco {}?";"Sobreescribir el juego {}?";"Écraser la sauvegarde {}?";"Přepsat uloženou hru {}?";;;"Kayıtlı Oyunun Üstüne Kaydetmek {}?"
184;"Tube {} has been loaded.";"Rohr {} geladen.";"Tube {} has been loaded.";"Tube {} has been loaded.";"Tube {} has been loaded.";"Tube {} has been loaded.";"Tube {} has been loaded.";"Tube {} has been loaded.";"Tube {} has been loaded."
185;"Game loaded";"Spiel geladen";"Gioco caricato";"Juego cargado";"Partie chargée";"Hra nahrána";;"Spel geladen";"Oyun geri yüklendi"
186;"Game saved";"Spiel gespeichert";"Gioco salvato";"Juego guardado";"Partie sauvegardée";"Hra uložena";;"Spel bewaard";"Oyun kaydedildi"
187;" has been saved.";" wurde gespeichert.";" è stato salvato.";" ha sido guardado.";" a été sauvegardé.";" byla uložena.";;" is opgeslagen";"oyun kaydedildi"
188;"Erase savegame '";"Spielstand '";"Cancella il gioco '";"Borrar juego  '";"Supprimer la sauvegarde '";"Smazat uloženou hru'";;"Verwijder bewaard spel '";"Oyunu Sil"
189;" ?";" löschen?";" ?";" ?";" ?";" ?";;" ?";"?"
190;"Quit without saving?";"Spiel verlassen ohne zu speichern?";"Esci senza salvare?";"¿Salir sin guardar?";"Quitter sans sauvegarder ?";"Konec bez uložení?";;"Afsluiten zonder te bewaren?";"Kaydetmeden Çıkış"
191;"Create game";"Neues Spiel";"Crea il gioco";"Crear juego";"Créer une partie";"Vytvořit hru";;"Maak spel";"Oyun Oluşturmak"
192;"Join game";"An Spiel teilnehmen";"Unisciti al gioco";"Unirse a juego";"Rejoindre une partie";"Přidat se ke hře";;"Neem deel in spel";"Oyuna Katılmak"
193;"List of available servers:";"Liste der verfügbaren Server:";"Lista dei server disponibili:";"Lista de servidores disponibles:";"Liste des serveurs disponibles :";"Seznam dostupných serverů:";;"Lijst met beschikbare severs:";"Geçerli Sunucu Listesi:"
194;"Refresh game list";"Liste aktualisieren";"Aggiorna la lista di gioco";"Refrescar lista de juego";"Rafraîchir la liste";"Znovunačtení seznamu her";;"Vernieuw spel lijst";"Oyun listesini güncelle"
195;"List of players:";"Liste der Spieler:";"Lista dei giocatori:";"Lista de jugadores:";"Liste des joueurs :";"Seznam hráčů";;"Lijst met spelers:";"Oyuncular listesi"
196;"Start game!";"Spiel starten!";"Inizia il gioco!";"¡Comenzar juego!";"Commencer la partie !";"Začni hru!";;"Start spel!";"Oyuna Başla!"
197;"Hall of Fame";"Ruhmeshalle";"Il Tempio della fama";"Salón de la Fama";"Tableau d'honneur";"Síň slávy";;"Lijst met beroemdheden";"Şöhretler Salonu"
198;"Sorry, no entry in Hall of Fame";"Leider kein Eintrag erreicht!";"Sorry, no entry in Hall of Fame";"¡Lo siento, no has entrado!";"Désolé, pas d'entrée dans le Tableau d'Honneur";"Promiňte, žádný záznam v síni slávy";;"Helaas, geen plek in de lijst met beroemdheden";"Üzgünüm, Şöhretler Salonuna giremezsiniz"
199;"Congratulations\nyou have entered the Hall of Fame!";"Glückwunsch!\nSie haben die Ruhmeshalle erreicht.";"Congratulations\nyou have entered the Hall of Fame!";"¡Enhorabuena, has entrado en el Salón de la Fama!";"Bravo\nvous êtes entré au Tableau d'Honneur !";"Blahopřeji \n vstoupil jsi do síně slávy!";;"Gefeliciteerd\nJe bent op de lijst met beroemdheden gekomen";"Tebrikler\nŞöhretler Salonuna girebilirsiniz."
200;"Enter your name: ";"Geben Sie Ihren Namen ein: ";"Scrivi il tuo nome: ";"Introduzce tu nombre:";"Entrez votre nom :";"Vlož své jméno:";;"Wat is je naam: ";"Adınız:"
201;"An outstanding success!";"Ein herausragender Erfolg!";"Un notevole successo!";"¡Un éxito excepcional!";"Un grand succès !";"Výjmečný úspěch!";;"Een geweldig succes!";"Çok iyi bir başarı"
202;"Score";"Punkte";"Punteggio";"Puntuación";"Score";"Skóre";;"Score";"Skor"
203;"Name";"Name";"Nome";"Nombre";"Nom";"Jméno";;"Naam";"Ad"
204;"Depth charges exploding!";"Wasserbombendetonation!";"Le cariche di profondità stanno esplodendo!";"¡Cargas de profundidad explotando!";"Grenades sous-marines explosées !";"Exploze hlubinných pum!";;"Diepte bommen exploderen!";"Mayınlar patladı!"
205;"Depth charges in the water!";"Wasserbomben abgeworfen!";"Cariche di profondità in acqua!";"¡Cargas de profundidad en el agua!";"Grenades sous-marines dans l'eau !";"Hlubinné pumy ve vodě!";;"Diepte bommen in het water!";"Suda mayınlar var!"
206;"m";"m";"m";"m";"m";"m";"m";"m";"m"
207;"degr";"Grad";"gradi";"grado";"degr";"degr";"degr";"degr";"derc"
208;"kts";"kt";"nodi";"nudos";"kts";"kts";"kts";"kts";"kts"
209;"km";"km";"km";"km";"km";"km";"km";"km";"km"
210;"sm";"sm";"sm";"sm";"sm";"sm";"sm";"sm";"sm"
211;"Time until\ntransfer completes:\n";"Zeit bis zum\nEnde des Transfers:\n";"Tempo necessario per\ncompletare il trasbordo:\n";"Tiempo para\ncompletar la transferencia:\n";"Temps restant\npour le transfert :\n";"Zbývající čas \n ke kompletnímu přesunu:\n";;"Tijd totdat\ntransfer afgerond is";"Zamana kadar\ntransfer tamamladı:\n"
212;"Local server port number:";"Lokaler Server";" Portnr.:";"Puerto del servidor local:";"Port du serveur local :";"Číslo portu lokálního serveru:";;"Locale server poort nummer:";"Yerel sunucu port numarası:"
213;"Credits";"Mitwirkende";"Riconoscimenti";"Créditos";"Crédits";"Autoři";"Créditos";"Credits";"Yapımcılar"
214;"Configure keys";"Konfiguriere Tasten";"Configura la tastiera";"Configurar el teclado";"Configurer les touches";"Konfigutovat klávesy";"Configurar teclas";"Configureer toetsen";"Oyun tuşlarını ayarla"
215;"Change this key";"Diese Taste verändern";"Cambia questo tasto";"Cambiar esta tecla";"Changer cette touche";"Změnit tuto klávesu";;"Verander deze toets";"Bu tuşu değiştir"
216;"Give a key combination for this action";"Tastenkombination für Aktion eingeben";"Dai un combinazione di tasti per questa funzione";"Asignar combinación de teclas para esta acción";"Donner une combinaison de touches pour cette action";"Zadej kombinaci kláves pro tuto akci";;"Verander de toetscombinatie voor deze actie";"Bu aksiyon için bir tuş kombinasyonu ver"
217;"Press ESC when done";"ESC drücken";" wenn fertig";"Pulsar ESC cuando haya finalizado";"Pressez Echap quand fini";"Stiskněte ESC až budete hotovi";;"Druk op ESC als je klaar bent";"ESC'ye basınca gerçekleşecek"
218;"Target out of deck gun range";"Ziel außer Reichweite des Deckgeschützes!";"Il bersaglio è fuori portata del cannone";"Objetivo fuera del alcance del cañón";"Cible hors de portée de tir du canon";"Cíl je mimo dostřel palubní zbraně";;"Doel buiten bereik van het dek wapen";"Güverte silahının menzili hedefin dışında"
219;"No deck gun ammo remaining";"Keine Munition für das Deckgeschütz vorhanden!";"Le munizioni del cannone sono finite";"No queda munición del cañón";"Plus de munitions pour le canon";"Zásobník palubní zbraně je prázdný";;"Geen ammunitie meer voor het dek wapen";"Güverte silahını yeniden dolduracak yeterli mermi yok"
220;"Set bearing relative to course";"Setze Sicht relativ zum Kurs";"Rilevamento relativo alla rotta";"Fijar orientación relativa a la ruta";"Fixer le cap relatif à la course";"Nastavit pohled podle kurzu";;"Stel de richting in, relatief t.o.v. de koers";"İstikametle ilgili rota alınıyor"
221;"Set bearing relative to compass";"Setze Sicht relativ zum Kompaß";"Rilevamento relativo alla bussola";"Fijar orientación relativa a la brújula";"Fixer le cap relatif au compas";"Nastavit pohled podle kompasu";;"Stel de richting in, relatief t.o.v. het kompas";"Pusula ile ilgili rota alınıyor"
222;"Mission editor";"Mission erstellen";"Editor di missione";"Mission editor";"Éditeur de mission";"Editor misí";"Editor de missoes";"Missie bewerker";"Görev Editörü"
223;"Attention! The mission editor is experimental work and should be used by developers only!";"Achtung! Der Missionseditor ist experimentell, und sollte nur von Entwicklern benutzt werden.";"Attenzione! L'editor di missione è sperimentale e dovrebbe essere usato solo dagli sviluppatori!";"Attention! The mission editor is experimental work and should be used by developers only!";"Attention ! L'éditeur de mission est expérimental et doit être utilisé par les développeurs seulement.";"Pozor! Editor misí je pouze v experimentální fázi a může být použit pouze vývojářem.";"Atencao! Versao experimental somente para desenvolvedores.";"Let op! De missie bewerker is experimenteel werk en moet alleen gebruikt worden door ontwikkelaars";"Dikkat! Görev Editörü sadece yazılımcılar için olup, deneysel amaçlıdır ve bu doğrultuda çalıştırılır."
224;"Add ship";"Neues Schiff";"Aggiungi nave";"Add ship";"Ajouter navire";"Přidat loď";;"Voeg schip toe";"Gemi ekle"
225;"Remove ship";"Schiff löschen";"Togli nave";"Remove ship";"Supprimer navire";"Odebrat loď";;"Verwijder schip";"Gemiyi kaldır"
226;"Motion";"Bewegung";"Movimento";"Motion";"Mouvement";"Pohyb";;"Beweging";"Hareket"
227;"Clone";"Duplizieren";"Copia";"Clone";"Clone";"Klon";;"Kloon";"Koloni"
228;"Convoy menu";"Konvoimenü";"Menu del convoglio";"Convoy menu";"Menu de convoi";"Menu konvoje";;"Konvooi menu";"Konvoy menüsü"
229;"Edit Time";"Zeit setzen";"Cambia il tempo";"Edit Time";"Changer l'heure";"Editovat čas";;"Bewerk tijd";"Zamanı düzenle"
230;"Help";"Hilfe";"Aiuto";"Help";"Aide";"Nápověda";;"Help";"Yardım"
231;"Left mouse button: select nearest object (with drag: select group)\nMiddle mouse button: move view\nRight mouse button: move object(s)\nHolding SHIFT with left mouse button: unselect object or group\nHolding CTRL with left mouse button: add object or group to selection";"Linke Maustaste: Wähle nächstes Objekt (mit Ziehen: Wähle Gruppe)\nMittlere Maustaste: Bewege Sicht\nRechte Maustaste: Bewege Objekt(e)\nHalte SHIFT mit linker Maustaste: Auswahl von Objekt oder Gruppe aufheben\nHalte STRG mit linker Maustaste: Füge Objekt oder Gruppe zur Auswahl hinzu";"?missing text?";"Left mouse button: select nearest object (with drag: select group)\nMiddle mouse button: move view\nRight mouse button: move object(s)\nHolding SHIFT with left mouse button: unselect object or group\nHolding CTRL with left mouse button: add object or group to selection";"Bouton gauche de la souris : sélectionne l'objet le plus proche\nBouton du milieu de la souris : change la vue\nBouton droit de la souris : bouge les objets\nMaintenir SHIFT et bouton gauche : désélectionner objet ou groupe\nMaintenir CTRL et bouton gauche : ajouter un objet ou groupe à la sélection";"Levé tlačitko myši: výběr nejbližšího objektu (táhnutím: výběr skupiny)\nProstřední tlačitko myši: pohyb \nPravé plačítko myši: pohyb objeků\nPodržení tlačítka SHIFT s levým tlačítkem myši: neoznačené objekty nebo skupina\nPodrženíklávesy CTRL s lelým tlačítkem na myši: přidat objekt nebo skupinu do výběru";;"Linker muis knop: selecteer dichtsbijzijnde object (als je sleept: selecteer groep)\nMiddelste muis knop: verander kijkpunt\nRechter muisknop: verplaats object(en)\nSHIFT ingedrukt samen met linkermuisknop: deselecteer object of groep\nCTRL ingedrukt samen met linkermuisknop: voeg een object of groep toe aan de selectie";"Sol Fare Tuşu: En yakın nesneyi seçer (grubu seçer)\nOrta Fare Tuşu:Bakış için hareket\nSağ Fare Tuşu:Nesneleri hareket ettirir\nSHIFT ile Sol Fare Tuşu: Nesne veya grubunu seçimini iptal eder\nCTRL ile Sol Fare Tuşu: Nesne veya gruba yeni nesne veya grub ekler"
232;"Throttle speed";"Sollgeschwindigkeit";"Regola la velocità";"Throttle speed";"Réglage de la vitesse";"Rychlost plynového pedálu";;"Snelheidshendel";"Hız bağlantısı"
233;"Briefing";"Mission";"Missione";"Briefing";"Mission";"Misi";;"Missie";"Brifingi"
234;"Year";"Jahr";"Anno";"Year";"Année";"Rok";;"Jaar";"Yıl"
235;"Month";"Monat";"Mese";"Month";"Mois";"Měsíc";;"Maand";"Ay"
236;"Day";"Tag";"Day";"Day";"Jour";"Den";;"Dag";"Gün"
237;"Hours";"Stunden";"Ore";"Hours";"Heures";"Hodiny";;"Uur";"Saat"
238;"Minutes";"Minuten";"Minuti";"Minutes";"Minutes";"Minuty";;"Minuten";"Dakika"
239;"Seconds";"Sekunden";"Secondi";"Seconds";"Secondes";"Sekundy";;"Seconden";"Saniye"
240;"Add selection to CV";"Auswahl zu Konvoi hinzufügen";"Aggiungi la selezione al CV";"Add selection to CV";"Ajouter la sélection au convoi";"Přidat výběr do CV";;"Voeg selectie toe aan CV";"CV'ye seçimi ekle"
241;"Selection to new CV";"Neuer Konvoi aus Auswahl";"Selezione al nuovo CV";"Selection to new CV";"Ajouter la sélection à un nouveau convoi";"Výběr do nového CV";;"Voeg selectie toe aan nieuwe CV";"Yeni CV seçimi ekle"
242;"Delete CV (ungroup)";"Lösche Konvoi (entgruppieren)";"Cancella CV (togli dal gruppo)";"Delete CV (ungroup)";"Supprimer le convoi (dégroupper)";"Smazat CV (rozdělit skupinu)";;"Verwijder CV (ongroepeer)";"CV'yi sil (grupsuz)"
243;"Edit CV route";"Konvoiroute editieren";"Cambia la rotta del CV";"Edit CV route";"Éditer la route du convoi";"Editovat dráhu CV";;"Bewerk CV route";"CV rotasını düzenle"
244;"Name of convoy";"Name des Konvois";"Nome del convoglio";"Name of convoy";"Nom du convoi";"Jméno konvoje";;" ""Naam van de konvooi""";"Konvoy adı"
245;"Convoy speed";"Konvoigeschwindigkeit";"Velocità del convoglio";"Convoy speed";"Vitesse du convoi";"Rychlost konvoje";;"Konvooi snelheid";"Konvoy hızı"
246;"Switch painting";"Andere Bemalung";"Switch painting";"Switch painting";"Changer la peinture";"Přepnout kreslení";"mudar pintura";"Verander verf";"Resim boyanıyor"
247;"Select station:";"Wähle Station:";"Select station:";"Select station:";"Sélectionner station :";"Výběr stanice:";;"Selecteer station";"İstasyonu seç"
248;"Gauges";"Manometer";"Gauges";"Gauges";"Commandes";"Panel přístrojů";;"Meters";"Kalibre"
249;"Periscope";"Periskop";"Periscope";"Periscope";"périscope";"Periskop";;"Periscoop";"Periskop"
250;"UZO";"UZO";"UZO";"UZO";"UZO";"UZO";;"UZO";"UZO"
251;"Bridge";"Brücke";"Bridge";"Bridge";"Pont";"Můstek";;"Brug";"Köprü"
252;"Map chart";"Karte";"Map chart";"Map chart";"Carte";"Námořní mapa";;"Kaart";"Harita Şeması"
253;"Torpedoes";"Torpedos";"Torpedoes";"Torpedoes";"Torpilles";"Torpéda";;"Torpedo's";"Torpidolar"
254;"Damage control";"Schadenskontrolle";"Damage control";"Damage control";"Contrôle des dégâts";"Informace o poškození";;"Schade beheer";"Hasar kontrol"
255;"Logbook";"Logbuch";"Logbook";"Logbook";"Journal de bord";"Palubní deník";;"Logboek";"Seyir defteri"
256;"Sonar room";"Horchraum";"Sonar room";"Sonar room";"Salle du sonar";"Sonarová místnost";;"Sonar kamer";"Sonar odası"
257;"Free 3d view";"Freie 3D-Ansicht";"Free 3d view";"Free 3d view";"Vue 3d libre";"Volný 3d pohled";;"Vrij 3D zicht";"3D bakış"
258;"Torpedo data computer";"Torpedozielrechner";"Torpedo data computer";"Torpedo data computer";"Ordinateur de torpilles";"Torpédový počítač";;"Torpedo data computer";"Torpido veri bilgisayarı"
259;"Torpedo settings";"Torpedoeinstellungen";"Torpedo settings";"Torpedo settings";"Réglages des torpilles";"Nastavení torpéd";;"Torpedo instellingen";"Torpido ayarları"
260;"Close menu";"Menü schließen";"Close menu";"Close menu";"Fermer le menu";"Zavřít menu";;"Sluit menu";"Menüyü kapat"
261;"Show music playlist";"Musikliste anzeigen";"Show music playlist";"Show music playlist";"Voir la liste des musiques";"Ukázat seznam skladeb";;"Toon muziek speellijst";"Müzik listesini göster"
262;"Music playlist";"Musikliste";"Music playlist";"Music playlist";"Liste des musiques";"Seznam skladeb";;"Muziek speellijst";"Müzik listesi"
263;"Repeat track";"Lied wiederholen";"Repeat track";"Repeat track";"Répéter le titre";"Opakovat skladbu";;"Herhaal nummer";"Yeniden çal"
264;"Shuffle";"Zufällig spielen";"Shuffle";"Shuffle";"Aléatoire";"Náhodně";;"Willekeurig";"Karışık çal"
265;"Mute";"Stumm";"Mute";"Mute";"Muet";"Ztlumit zvuk";;"Demp";"Sessiz"
266;"Station selector";"Station wählen";"Station selector";"Station selector";"Sélection du poste";"Výběr stanice:";;"Station selecteren";"İstasyon seçimi"
267;"Cycle substations";"Andere Unterstation";"Cycle substations";"Cycle substations";"Affichage cyclique des postes";"Perioda substanice";;"Verander station";"Alt istasyonları karıştır"
268;"Toggle pause";"Pause an/aus";"Toggle pause";"Toggle pause";"Mettre en pause";"Pauza zap/vyp";;"schakel pause";"Bağlantının durdurulması"
269;"No deck gun available";"Kein Deckgeschütz verfügbar";"No deck gun available";"No deck gun available";"Pas de canon disponible";"Palubní zbraň není použitelná";;"Geen dek wapen aanwezig";"Güverte silahı yok"
270;"Deck gun fired!";"Deckgeschütz abgefeuert!";"Deck gun fired!";"Deck gun fired!";"Canon a fait feu";"Palubní zbraň vystřelila";;"Dek wapen afgevuurd";"Güverte silahı ateşlendi!"
271;"Captain's cabin";"Kapitänskajüte";"Captain's cabin";"Captain's cabin";"Cabine du Commandant";"Captain's cabin";"Captain's cabin";"Kapiteinskut";"Kaptanın kabini"
272;"Successes and medals";"Erfolge und Auszeichnungen";"Successes and medals";"Successes and medals";"Succès et médailles";"Successes and medals";"Successes and medals";"Successen en medailes";"Başarılar ve madalyalar"
273;"Ship recognition manual";"Schiffshandbuch";"Ship recognition manual";"Ship recognition manual";"Ship recognition manual";"Ship recognition manual";"Ship recognition manual";"Ship recognition manual";"Ship recognition manual"
400;"rudder";"Ruder";"timone";"timón";"gouvernail de direction";"kormidlo";;"roer";"dümen"
401;"screws";"Schrauben";"eliche";"hélices";"hélices";"šrouby";;"schroeven";"gemi pervaneleri"
402;"screw shaft";"Schraubenwelle";"albero dell'elica";"eje de la hélice";"axe des hélices";"šroubová hřídel";;"schroef as";"pervane şaftı"
403;"stern dive planes";"Hecktiefenruder";"timoni di profondità di poppa";"timón de profundidad de popa";"barre de profondeur de poupe";"záďové hloubkové křídlo";;"achterduikroeren";"pupa dalış kanatları"
404;"stern water pump";"Heck-Lenzpumpe";"Pompe di poppa";"bomba de agua de popa";"Pompe d'eau de poupe";"záďová vodní pumpa";;"achter waterpomp";"pupa su pompası"
405;"stern pressure hull";"Heck-Druckkörper";"Poppa dello scafo resistente";"casco a presión de popa";"pression à la poupe";"záďový měřič tlaku na trup";;"druk op de wand achter";"pupa basınç gövdesi"
406;"stern hatch";"Maschinen-Ausstiegsluk";"Boccaporto di poppa";"escotilla de popa";"écoutille de poupe";"záďový poklop";;"achter klep";"pupa bölmesi"
407;"electric engines";"Elektromaschinen";"motori elettrici";"motores eléctricos";"moteurs électriques";"elektromotory";;"electrische motoren";"elektrik motorları"
408;"air compressor";"Luftkompressor";"compressore";"compresor";"compresseur d'air";"kompresor vzduchu";;"lucht compressor";"kompresör"
409;"machine water pump";"Maschinenraum-Lenzpumpe";"motori delle pompe";"bomba de agua del motor";"Pompe d'eau des machines";"vodní pumpa";;"Machine water pomp";"makine su pompası"
410;"machine pressure hull";"Maschinenraum-Druckkörper";"Scafo resistente - zona macchine";"casco a presión del motor";"Pression aux machines";"měřič tlaku na trup";;"druk wand machinekamer";"makine basınç gövdesi"
411;"after battery";"Hintere Batterie";"Batteria posteriore";"bateria posterior";"première batterie";"za baterií";;"Achter batterij";"bataryadan sonra"
412;"diesel engines";"Dieselmaschinen";"motori diesel";"motores diesel";"moteur diesel";"naftové motory";;"diesel motoren";"dizel motorlar"
413;"kitchen hatch";"Kombüsenluk";"boccaporto della cucina";"escotilla de la cocina";"écoutille de la cuisine";"kuchyňský poklop";;"keuken luik";"mutfak bölmesi"
414;"balance tank valves";"Trimmtankventile";"valvole delle vasche di compensazione";"válvulas del tanque de compensación";"valve de compensation";"vyvažovací nádrže";;"balans tank kleppen";"tank supaplarının dengesi"
415;"forward battery";"Vordere Batterie";"batteria anteriore";"baterias anteriores";"seconde batterie";"přední baterie";;"voorste batterij";"ön batarya"
416;"periscope";"Sehrohr";"periscopio";"periscopio";"périscope";"periskop";;"periscoop";"periskop"
417;"central pressure hull";"Zentralen-Druckkörper";"scafo resistente centrale";"casco a presión central";"pression centrale";"centrální měřič tlaku na trup";;"druk wand centrale gedeelte";"orta basınç gövdesi"
418;"bilge water pump";"Bilge-Lenzpumpe";"pompe di sentina";"bilge water pump";"pompe à eau de la cale";"vodní pumpa dna lodě";;"ruim water pomp";"bilge su pompası"
419;"conning tower hatch";"Turmluk";"boccaporto della torretta";"escotilla de la torreta";"écoutille de la tourelle";"poklop velitelské veže";;"conning toren luik";"komuta kule bölmesi"
420;"listening device";"Horchgerät";"idrofono";"hidrófono";"hydrophone";"odposlechové zařízení";;"luister apparaat";"aygıt dinleniyor"
421;"radio device";"Funkgerät";"radio";"radio";"radio";"rádio";;"radio";"radyo aygıtı"
422;"inner bow tubes";"Innenklappen der Bugtorpedorohre";"tubi di prua interni";"tubos internos de proa";"tubes internes de proue";"vnitřní příďové hlavně";;"binnenste boegbuizen";"dahili yay tüpleri"
423;"outer bow tubes";"Außenklappen der Bugtorpedorohre";"tubi di prua esterni";"tubos externos de proa";"tubes externes de proue";"vnější příďové hlavně";;"buitenste boegbuizen";"harici yay tüpleri"
424;"bow water pump";"Bug-Lenzpumpe";"pompe di prua";"bomba de agua de proa";"pompe à eau de la proue";"příďová vodní pumpa";;"boeg waterpomp";"yay su pompası"
425;"bow hatch";"Vorderes Ausstiegsluk";"boccaporto di prua";"escotilla de proa";"écoutille de proue";"příďový poklop";;"boeg luik";"yay bölmesi"
426;"bow pressure hull";"Bugraum-Druckkörper";"prua dello scafo resistente";"casco a presión de proa";"pression à la proue";"příďový měřič tlaku na trup";;"druk op de wand bij de boeg";"yay basınç gövdesi"
427;"bow dive planes";"Bugtiefenruder";"timoni di profondità di prua";"timones de profundidad de proa";"barre de profondeur de proue";"příďové hloubkové křídlo";;"boeg duikroeren";"yay dalış kanatları"
428;"anti aircraft gun";"Flak";"mitragliatrice antiaerea";"cañón antiaereo";"canon anti-aérien";"protiletecký kulomet";;"anti vliegtuig wapen";"uçaksavar silahı"
429;"ammunition depot";"Munitionsdepot";"santabarbara";"depósito de munición";"dépôt de munitions";"zásobník nábojů";;"ammunitie depot";"cephanelik"
430;"outer fuel tanks port";"Äußere Treibstofftanks backbord";"serbatoi esterni di sinistra";"depósitos de combustible externos de babor";"réservoir de fuel bâbord";"vnější uzávěr palivové nádrže";;"buitenste benzinetanken bakboord";"harici yakıt tanklarının portu"
431;"outer fuel tanks starboard";"Äußere Treibstofftanks steuerbord";"serbatoi esterni di dritta";"depósitos de combustible externos de estribor";"réservoir de fuel tribord";"vnější palivové nádrže na pravoboku";;"buitenste benzinetanken stuurboord";"harici yakıt tanklarının sancağı"
432;"outer stern tube doors";"Außenklappen der Hecktorpedorohre";"porte esterne dei tubi lanciasiluri di prua";"puertas de los tubos externos de popa";"porte externe de tube de proue";"vnější záďové hlavňové poklopy";;"buitenste achtersteven buis deuren";"harici pupa tüp kapakları"
433;"inner stern tube doors";"Innenklappen der Hecktorpedorohre";"porte interne dei tubi lanciasiluri di prua";"puertas de los tubos internos de popa";"porte interne de tube de poupe";"vnitřní záďové hlavňové poklopy";;"binnenste achtersteven-buis-deuren";"dahili pupa tüp kapakları"
434;"snorkel";"Schnorchel";"snorkel";"snorkel";"Tube à air";"šnorchl";;"snorkel";"şnorkel"
435;"deck gun";"Deckgeschütz";"cannone di coperta";"cañón de cubierta";"canon";"palubní zbraň";;"dek wapen";"güverte silahı"
436;"radio detection device";"Funkpeilgerät";"radiolocalizzatore";"localizador de radio";"équipement de détection radio";"zařízení pro detekci rádia";;"radio detectie apparaat";"radyo aygıt tespiti"
437;"radar";"Funkmeß- und Beobachtungsgerät (Radar)";"radar";"radar";"radar";"radar";;"radar";"radar"
600;"Zoom map";"Vergrößere Kartenansicht";"Aumenta la scala della mappa";"Aumentar escala del mapa";"Zoomer sur la carte";"přiblížit mapu";;"vergroot kaart";"Haritayı büyült"
601;"Unzoom map";"Verkleinere Kartenansicht";"Riduci la scala della mappa";"Disminuir escala del mapa";"Dézoomer de la carte";"oddálit mapu";;"verklein kaart";"Haritayı küçült"
602;"Show gauges screen";"Zeige Manomenter";"Agli strumenti";"Panel de instrumentos";"Panneau de commandes";"Ukázat obrazovku s přístroji";;"Toon meters scherm";"Kalibre ekranını göster"
603;"Show periscope screen";"Zeige Periskop";"Al periscopio";"Periscopio";"périscope";"Ukázat periskopovou obrazovku";;"Toon periscoop scherm";"Periskop ekranını göster"
604;"Show UZO screen";"Zeige UZO";"Al binocolo";"Prismáticos";"UZO";"Ukázat UZO obrazovku";;"Toon UZO scherm";"UZO ekranını göster"
605;"Show bridge screen";"Zeige Brücke";"In coperta";"Puente";"Pont";"Ukázat obrazovku s můstkem";;"Toon brug scherm";"Köprü ekranını göster"
606;"Show map screen";"Zeige Karte";"Mappa";"Mapa";"Carte";"Ukázat mapu";;"Toon kaart scherm";"Harita ekranını göster"
607;"Show torpedo screen";"Zeige Torpedokontrolle";"Ai siluri";"Torpedos";"Torpilles";"Ukázat obrazovku s torpédy";;"Toon torpedo scherm";"Torpido ekranını göster"
608;"Show damage control screen";"Zeige Schadenskontrolle";"Mostra i danni";"Control de daños";"Contrôle des dommages";"Ukázat obrazovku s rozsahem poškození";;"Toon schade beheer scherm";"Hasar kontrol ekranını göster"
609;"Show logbook screen";"Zeige Logbuch";"Libro di bordo";"Bitácora";"Journal de bord";"Ukázat palubní deník";;"Toon logboek scherm";"Seyir defterinin göster"
610;"Show success records screen";"Zeige Erfolgsliste";"Lista dei successi";"Registros de éxitos";"Meilleurs scores";"Ukázat obrazovku s hotovými záznamy";;"Toon successen scherm";"Başarı kayıtlarının göster"
611;"Show freeview screen";"Zeige Außenansicht";"Mostra schermata libera";"Vista libre";"Vue libre";"Ukázat obrazovku s volným pohledem";;"Toon vrij-rondkijk scherm";"Serbest görüş ekranın göster"
612;"Rudder left";"Ruder backbord";"Timone a sinistra";"Timón izquierda";"Barre à droite";"Kormidlo vlevo";;"Roer link";"Dümen sola"
613;"Rudder hard left";"Ruder hart backbord";"Timone tutto a sinistra";"Timón todo izquierda";"Barre à droite toute";"Kormihlo ostře doleva";;"Roer sterk links";"Dümen hızla sola"
614;"Rudder right";"Ruder steuerbord";"Timone a destra";"Timón derecha";"Barre à gauche";"Kormidlo vpravo";;"Roer rechts";"Dümen sağa"
615;"Rudder hard right";"Ruder hart steuerbord";"Timone tutto a destra";"Timón todo derecha";"Barre à gauche toute";"Kormidlo ostře vpravo";;"Roer sterk rechts";"Dümen hızla sağa"
616;"Rudder up";"Ruder oben";"Timone su";"Timón arriba";"Barres de plongée montées";"Kormidlo nahoru";;"Roer omhoog";"Dümen ileri"
617;"Rudder hard up";"Ruder hart oben";"Timone tutto su";"Timón todo arriba";"Barres de plongée montées au max.";"Kormidlo ostře nahoru";;"Roer sterk omhoog";"Dümen hızla ileri"
618;"Rudder down";"Ruder unten";"Timone giù";"Timón abajo";"Barre de plongée descendues";"Kormidlo dolů";;"Roer omlaag";"Dümen aşağı"
619;"Rudder hard down";"Ruder hart unten";"Timone tutto giù";"Timón todo abajo";"Barres de plongée descendues au max.";"Kormidlo ostře dolů";;"Roer sterk omlaag";"Dümen hızla aşağı"
620;"Center rudders";"Ruder mittschiffs";"Timone al centro";"Centrar timón";"Barre au centre";"Kormidla na střed";;"Roer neutraal";"Orta dümenler"
621;"Throttle listen";"Kleine Fahrt";"Throttle listen";"Throttle listen";"En avant en silence";"Tichý chod";;"Heel langzaam varen";"Bağlantının dinlenmesi"
622;"Throttle slow";"Langsame Fahrt";"Avanti piano";"Avance lento";"En avant lente";"Plyn polamu";;"Langzaam varen";"Bağlantının gevşetilmesi"
623;"Throttle half";"Halbe Fahrt";"Avanti mezza";"Avance medio";"En avant";"Plyn na polovinu";;"Op halve snelheid varen";"Yarım bağlantı"
624;"Throttle full";"Große Fahrt";"Avanti tutta";"Avance toda";"En avant toute";"Plný plyn";;"Op volle snelheid varen";"Tam Bağlantı"
625;"Throttle flank";"Äußerste Kraft";"Avanti al massimo";"Avance máximo";"En avant max.";"Maximální plyn";;"Op het allersnelste varen";"Yan Bağlantı"
626;"Throttle stop";"Maschinen Stop";"Fermare le macchine";"Parar máquinas";"Stopper les machines";"Motory stop";;"Motor stop";"Bağlantının durdurulması"
627;"Throttle reverse slow";"Maschinen langsame Fahrt rückwärts";"Macchine indietro piano";"Marcha atrás lento";"Machines arrière lente";"Obrátit směr otáček a plyn pomalu";;"Motor achteruit langzaam";"Bağlantıyı yavaşça tersine "
628;"Throttle reverse half";"Maschinen halbe Fahrt rückwärts";"Macchine indietro mezza";"Marcha atrás medio";"Machine arrière moyenne";"Obrátit směr otáček a plyn na polovinu";;"Motor achteruit halve kracht";"Bağlantıyı yarım tersine"
629;"Throttle reverse full";"Maschinen volle Fahrt rückwärts";"Macchine indietro";"Marcha atrás";"Machine arrière toute";"Obrátit směr otáček a plný plyn";;"Motor achteruit volle kracht";"Bağlantıyı tam tersine"
630;"Fire tube 1";"Torpedo Rohr 1 los";"Siluro 1 fuori";"Tubo de disparo 1";"Feu tube 1";"Vystřelit torpédovou hlavěň 1";;"Vuur torpedo 1";"Atış tüpü 1"
631;"Fire tube 2";"Torpedo Rohr 2 los";"Siluro 2 fuori";"Tubo de disparo 2";"Feu tube 2";"Vystřelit torpédovou hlavěň 2";;"Vuur torpedo 2";"Atış tüpü 2"
632;"Fire tube 3";"Torpedo Rohr 3 los";"Siluro 3 fuori";"Tubo de disparo 3";"Feu tube 3";"Vystřelit torpédovou hlavěň 3";;"Vuur torpedo 3";"Atış tüpü 3"
633;"Fire tube 4";"Torpedo Rohr 4 los";"Siluro 4 fuori";"Tubo de disparo 4";"Feu tube 4";"Vystřelit torpédovou hlavěň 4";;"Vuur torpedo 4";"Atış tüpü 4"
634;"Fire tube 5";"Torpedo Rohr 5 los";"Siluro 5 fuori";"Tubo de disparo 5";"Feu tube 5";"Vystřelit torpédovou hlavěň 5";;"Vuur torpedo 5";"Atış tüpü 5"
635;"Fire tube 6";"Torpedo Rohr 6 los";"Siluro 6 fuori";"Tubo de disparo 6";"Feu tube 6";"Vystřelit torpédovou hlavěň 6";;"Vuur torpedo 6";"Atış tüpü 6"
636;"Select target";"Wähle Ziel";"Seleziona il bersaglio";"Seleccionar objetivo";"Sélectionner l'objectif";"Vyber cíl";;"Selecteer doel";"Hedef seç"
637;"Scope up/down";"Periskop hoch/runter";"Periscopio su/giù";"Periscopio arriba/abajo";"Périscope haut/bas";"Periskop nahoru/dolů";;"Periscope omhoog/omlaag";"Dürbün yukarı/aşağı"
638;"Crash dive";"Alarmtauchen";"Immersione rapida";"Inmersión de emergencia";"Immersion d'urgence";"Okamžité ponoření";;"Nood duik";"Pike yap"
639;"Go to snorkel depth";"Auf Schnorcheltiefe";"Quota snorkel";"Ir a profundidad de snorkel";"Aller à profondeur pour tube à air";"Ponořit se na šnorchlovou hloubku";;"Ga naar snorkel diepte";"Şnorkel derinliğine git"
640;"Toggle snorkel";"Schnorchel ein/-ausfahren";"Snorkel su/giù";"Alternar snorkel";"Tube à air haut/bas";"Šnorchl zap/vyp";;"Schakel snorkel";"Şnorkel bağlantısı"
641;"Set heading to view";"Setze Kurs nach Sicht";"Prua nella direzione di osservazione";"Fijar rumbo a la vista";"Fixer la vue à la course";"Nastavit kurz podle pohledu";;"Zet de koers aan de hand van het zicht";"Başlıktan görüntü al"
642;"Identify target";"Identifiziere Ziel";"Identifica il bersaglio";"Identificar objetivo";"Identifier la cible";"Identifikovat cíl";;"Identificeer doel";"Hedef tanımlaması"
643;"Go to periscope depth";"Periskoptiefe";"Quota periscopio";"Ir a profundidad de periscopio";"Aller à profondeur périscopique";"Ponořit se na periskopovou hloubku";;"Ga naar periscoop diepte";"Periskop derinliğine git"
644;"Go to surface";"Auftauchen";"Emersione";"Ir a la superficie";"Aller en surface";"Vynořit se";"Emergir";"Ga naar oppervlakte";"Yüzeye git"
645;"Fire torpedo";"Torpedo feuern";"Siluro fuori";"Disparar torpedo";"Lancer la torpille";"Vypálit torpédo";;"Vuur torpedo";"Torpidoyu ateşle"
646;"Set view to heading";"Setze Sicht nach Kurs";"Direzione di osservazione a prua";"Fijar vista al rumbo";"Fixer la course à la vue ";"Nastavit pohled na kurz";;"Zet zicht aan de hand van de koers";"Başlıktan görüntü al"
647;"Toggle zoom of view";"Wähle Sichtvergrößerungsfaktor";"Zoom/unzoom della visione";"Alternar escala de la vista";"Zoom +/-";"Přiblížit/oddálit pohled";;"Schakel zoom van het beeld";"Alınan görüntüyü büyült"
648;"Turn view left";"Drehe Sicht nach links";"Cambia la direzione di osservazione a sinistra";"Girar la vista a la izquierda";"Tourner la vue à gauche";"Otočit pohled doleva";;"Draai beeld links";"Görüntüyü sola çevir"
649;"Turn view left fast";"Drehe Sicht schnell nach links";"Cambia velocemente la direzione di osservazione a sinistra";"Girar rápido la vista a la izquierda";"Tourner rapidement la vue à gauche";"Otočit pohled ostře doleva";;"Draai beeld snel links";"Görüntüyü hızla sola çevir"
650;"Turn view right";"Drehe Sicht nach rechts";"Cambia la direzione di osservazione a destra";"Girar la vista a la derecha";"Tourner la vue à droite";"Otočit pohled doprava";;"Draai beeld rechts";"Görüntüyü sağa çevir"
651;"Turn view right fast";"Drehe Sicht schnell nach rechts";"Cambia velocemente la direzione di osservazione a destra";"Girar rápido la vista a la derecha";"Tourner rapidement la vue à droite";"Otočit pohled ostře doprava";;"Draai beeld snel rechts";"Görüntüyü hızla sağa çevir"
652;"Time scale up";"Zeit schneller";"Aumenta la scala del tempo";"Aumentar escala de tiempo";"Augmenter la compression du temps";"Zvýšit rychlost plynutí času";;"Tijdschaal omhoog";"Zamanı arttır"
653;"Time scale down";"Zeit langsamer";"Riduci la scala del tempo";"Disminuir escala de tiempo";"Diminuer la compression du temps";"Snížit rychlost plynutí času";;"Tijdschaal omlaag";"Zamanı düşürt"
654;"Fire deck gun";"Deckgeschütz abfeuern";"Fuoco!";"Disparar cañón";"Canon feu!";"Vystřelit z palubní zbraně";;"Vuur dek wapen";"Güverte silahının ateşle"
655;"Toggle relative bearing";"Relative Sicht an/aus";"Rilevamento relativo on/off";"Alternar orientación relativa";"Vue relative oui/non";"Zap/vyp relativní orientaci";;"Schakel relatieve positie";"Rotaya ait bağlantı"
656;"Toggle man deck gun";"Deckgeschütz besetzen/sichern";"Servente al cannone si/no";"Alternar cañonero";"Équipage au canon oui/non";"Zap/vyp muže u palubní zbraně";;"Schakel beman dek wapen";"Güverte silahına adam atamak"
657;"Show Torpedo Data Computer";"Zeige Torpedodaten-Rechner";"Mostra il calcolatore per i siluri";"Mostrar computadora de torpedos";"Ordinateur de torpilles";"Ukázat počítač pro výpočet nastavení torpéda";;"Toon torpedo data computer";"Torpido Veri Bilgisayarını göster"
658;"Toggle pop-up display";"Extra-Anzeigen wechseln";"Seleziona pop-up display";"Alternar visualizador emergente";"Alterner la vue immergé";"Zap/vyp vyskakovací okno";;"Schakel pop-up scherm";"Ekrana ek gösterge ekle"
659;"Show Torpedo Setup screen";"Zeige Torpedoeinstellungen";"Mostra la configurazione dei siluri";"Mostrar configuración de torpedos";"Configuration des torpilles";"Ukaž obrazovku pro nastavení torpéda";"Tela de torpedos";"Toon torpedo setup scherm";"Torpido ayar ekranını göster"
660;"type IIa";"Typ IIa";"tipo IIa";"tipo IIa";"type IIa";"typ IIa";;"type IIa";"Iıa tipi"
661;"type IIb";"Typ IIb";"tipo IIb";"tipo IIb";"type IIb";"typ IIb";;"type IIb";"Iıb tipi"
662;"type IIc";"Typ IIc";"tipo IIc";"tipo IIc";"type IIc";"typ IIc";;"type IIc";"Iıc tipi"
663;"type IId";"Typ IId";"tipo IId";"tipo IId";"type IId";"typ IId";;"type IId";"Iıd tipi"
700;"Lieutenant";"Oberleutnant z. See";;;;;;;
701;"Lieutenant 1st Class";"Kapitänleutnant";;;;;;;
702;"Lt Commander";"Korvettenkapitän";;;;;;;
703;"Commander";"Fregattenkapitän";;;;;;;
704;"Captain";"Kapitän z. See";;;;;;;
